<?xml version="1.0" encoding="UTF-8"?>
<project-private xmlns="http://www.netbeans.org/ns/project-private/1">
    <editor-bookmarks xmlns="http://www.netbeans.org/ns/editor-bookmarks/2" lastBookmarkId="0"/>
    <open-files xmlns="http://www.netbeans.org/ns/projectui-open-files/2">
        <group>
            <file>file:/C:/Users/Awsom/Documents/NetBeansProjects/Blue_Screen_diner/src/Dao/tables.java</file>
            <file>file:/C:/Users/Awsom/Documents/NetBeansProjects/Blue_Screen_diner/src/Dao/RatingDao.java</file>
            <file>file:/C:/Users/Awsom/Documents/NetBeansProjects/Blue_Screen_diner/src/blue_screen_diner/Login.java</file>
            <file>file:/C:/Users/Awsom/Documents/NetBeansProjects/Blue_Screen_diner/src/blue_screen_diner/SignUp.java</file>
            <file>file:/C:/Users/Awsom/Documents/NetBeansProjects/Blue_Screen_diner/src/blue_screen_diner/ChangeSecurityQuestion.java</file>
            <file>file:/C:/Users/Awsom/Documents/NetBeansProjects/Blue_Screen_diner/src/blue_screen_diner/ChangePassword.java</file>
            <file>file:/C:/Users/Awsom/Documents/NetBeansProjects/Blue_Screen_diner/src/blue_screen_diner/Home.java</file>
            <file>file:/C:/Users/Awsom/Documents/NetBeansProjects/Blue_Screen_diner/src/model/Rating.java</file>
            <file>file:/C:/Users/Awsom/Documents/NetBeansProjects/Blue_Screen_diner/src/blue_screen_diner/AddEmployee.java</file>
            <file>file:/C:/Users/Awsom/Documents/NetBeansProjects/Blue_Screen_diner/src/Dao/BillDao.java</file>
            <file>file:/C:/Users/Awsom/Documents/NetBeansProjects/Blue_Screen_diner/src/blue_screen_diner/PlaceOrder.java</file>
            <file>file:/C:/Users/Awsom/Documents/NetBeansProjects/Blue_Screen_diner/src/blue_screen_diner/ExperienceRatings.java</file>
        </group>
    </open-files>
</project-private>
